well,barcode
A01,AAAACT
A02,AAAATC
A03,AAAGTT
A04,AAATAC
A05,AAATTG
A06,AACAAT
A07,AAGATT
A08,AAGTAT
A09,AATACA
A10,AATAGT
A11,AATCTT
A12,AATGAT
A13,AATTCT
A14,AATTGA
A15,ACAATA
A16,ACATAA
A17,ACTTAT
A18,ACTTTA
A19,AGATTA
A20,AGTAAT
A21,ATAAAC
A22,ATAACA
A23,ATACAA
A24,ATACTT
B01,AAACAT
B02,AAACTA
B03,AAATCA
B04,AAATGT
B05,AACATA
B06,AACTAA
B07,AAGTTA
B08,AATAAC
B09,AATATG
B10,AATCAA
B11,AATGTA
B12,AATTAG
B13,AATTTC
B14,ACAAAT
B15,ACTAAA
B16,ACTATT
B17,AGAATT
B18,AGATAT
B19,AGTATA
B20,AGTTAA
B21,ATAAGT
B22,ATAATG
B23,ATAGAT
B24,ATAGTA
C01,ATATAG
C02,ATATCT
C03,ATCAAA
C04,ATCATT
C05,ATGAAT
C06,ATGATA
C07,ATTACT
C08,ATTAGA
C09,ATTCTA
C10,ATTGAA
C11,ATTTCA
C12,ATTTGT
C13,CAAATA
C14,CAATAA
C15,CATTAT
C16,CATTTA
C17,CTATAT
C18,CTATTA
C19,CTTTAA
C20,GAAATT
C21,GATAAT
C22,GATATA
C23,GTAATA
C24,GTATAA
D01,ATATGA
D02,ATATTC
D03,ATCTAT
D04,ATCTTA
D05,ATGTAA
D06,ATTAAG
D07,ATTATC
D08,ATTCAT
D09,ATTGTT
D10,ATTTAC
D11,ATTTTG
D12,CAAAAT
D13,CATAAA
D14,CATATT
D15,CTAAAA
D16,CTAATT
D17,CTTAAT
D18,CTTATA
D19,GAATAT
D20,GAATTA
D21,GATTAA
D22,GTAAAT
D23,GTTAAA
D24,GTTATT
E01,GTTTAT
E02,GTTTTA
E03,TAAAGT
E04,TAAATG
E05,TAAGAT
E06,TAAGTA
E07,TAATGA
E08,TAATTC
E09,TACTAT
E10,TACTTA
E11,TAGTAA
E12,TAGTTT
E13,TATAGA
E14,TATATC
E15,TATGAA
E16,TATGTT
E17,TATTGT
E18,TATTTG
E19,TCATAT
E20,TCATTA
E21,TCTTAA
E22,TGAAAT
E23,TGATTT
E24,TGTAAA
F01,TAAAAC
F02,TAAACA
F03,TAACAA
F04,TAACTT
F05,TAATAG
F06,TAATCT
F07,TACAAA
F08,TACATT
F09,TAGAAT
F10,TAGATA
F11,TATAAG
F12,TATACT
F13,TATCAT
F14,TATCTA
F15,TATTAC
F16,TATTCA
F17,TCAAAA
F18,TCAATT
F19,TCTAAT
F20,TCTATA
F21,TGAATA
F22,TGATAA
F23,TGTATT
F24,TGTTAT
G01,TGTTTA
G02,TTAAAG
G03,TTAATC
G04,TTACAT
G05,TTAGTT
G06,TTATAC
G07,TTATTG
G08,TTCAAT
G09,TTGAAA
G10,TTGATT
G11,TTTACA
G12,TTTAGT
G13,TTTCTT
G14,TTTGTA
G15,TTTTGA
G16,TCTTTC
G17,AGACCT
G18,AGGGAT
G19,CACCAA
G20,CAGTCA
G21,CCACAT
G22,CCGATT
G23,CTAGTG
G24,CTTCTG
H01,TTAACT
H02,TTAAGA
H03,TTACTA
H04,TTAGAA
H05,TTATCA
H06,TTATGT
H07,TTCATA
H08,TTCTAA
H09,TTGTTA
H10,TTTAAC
H11,TTTATG
H12,TTTCAA
H13,TTTTAG
H14,TTTTCT
H15,TTGGAT
H16,ACCGTA
H17,ATCGAG
H18,CAAGCT
H19,CATCAG
H20,CATGGT
H21,CGACTT
H22,CGATTG
H23,GAAGAC
H24,GATCGT
I01,GCTAGA
I02,GCTTAC
I03,GGGATT
I04,GTACAC
I05,GTTCGA
I06,TAGTGG
I07,TCTGCA
I08,TTCCTC
I09,CCAACC
I10,CCTTCC
I11,GTACCG
I12,ACCCCC
I13,ACCGGC
I14,ACGCCG
I15,ACGGGG
I16,AGCCCG
I17,AGCGGG
I18,AGGCCC
I19,AGGGGC
I20,CACCCC
I21,CACGGC
I22,CAGCCG
I23,CAGGGG
I24,CCACCG
J01,GGACAT
J02,GGCAAT
J03,GTCAAG
J04,GTGACT
J05,TCCAAC
J06,TCGAAG
J07,TTGTCC
J08,TTTGGC
J09,CTCTCC
J10,GGACCA
J11,ACCCGG
J12,ACCGCG
J13,ACGCGC
J14,ACGGCC
J15,AGCCGC
J16,AGCGCC
J17,AGGCGG
J18,AGGGCG
J19,CACCGG
J20,CACGCG
J21,CAGCGC
J22,CAGGCC
J23,CCACGC
J24,CCAGGG
K01,CCCACG
K02,CCCAGC
K03,CCCCGT
K04,CCCCTG
K05,CCCTGG
K06,CCGAGG
K07,CCGGAC
K08,CCGGCA
K09,CCGTCG
K10,CCGTGC
K11,CCTGGC
K12,CGACCC
K13,CGAGGC
K14,CGCACC
K15,CGCCCT
K16,CGCCGA
K17,CGCGCA
K18,CGCGGT
K19,CGCTGC
K20,CGGACG
K21,CGGCCA
K22,CGGCGT
K23,CGGGCT
K24,CGGGGA
L01,CCCCAC
L02,CCCCCA
L03,CCCGAG
L04,CCCGGA
L05,CCGCAG
L06,CCGCGA
L07,CCGGGT
L08,CCGGTG
L09,CCTCGG
L10,CCTGCG
L11,CGACGG
L12,CGAGCG
L13,CGCAGG
L14,CGCCAG
L15,CGCCTC
L16,CGCGAC
L17,CGCGTG
L18,CGCTCG
L19,CGGAGC
L20,CGGCAC
L21,CGGCTG
L22,CGGGAG
L23,CGGGTC
L24,CGGTCC
M01,CGGTGG
M02,CGTCCG
M03,CGTGGG
M04,CTCCCG
M05,CTGCGG
M06,CTGGCG
M07,GACCGC
M08,GACGCC
M09,GAGCGG
M10,GAGGCG
M11,GCACGG
M12,GCAGCG
M13,GCCAGG
M14,GCCCAG
M15,GCCCTC
M16,GCCGAC
M17,GCCGTG
M18,GCCTCG
M19,GCGAGC
M20,GCGCAC
M21,GCGCTG
M22,GCGGAG
M23,GCGGTC
M24,GCGTCC
N01,CGTCGC
N02,CGTGCC
N03,CTCCGC
N04,CTCGGG
N05,CTGGGC
N06,GACCCG
N07,GACGGG
N08,GAGCCC
N09,GAGGGC
N10,GCACCC
N11,GCAGGC
N12,GCCACC
N13,GCCCCT
N14,GCCCGA
N15,GCCGCA
N16,GCCGGT
N17,GCCTGC
N18,GCGACG
N19,GCGCCA
N20,GCGCGT
N21,GCGGCT
N22,GCGGGA
N23,GCGTGG
N24,GCTCCG
O01,GCTCGC
O02,GCTGCC
O03,GGAGCC
O04,GGAGGG
O05,GGCCAC
O06,GGCGAG
O07,GGCGTC
O08,GGCTCC
O09,GGGCAG
O10,GGGCCT
O11,GGGGAC
O12,GGGGCA
O13,GGGTCG
O14,GGGTGC
O15,GGTGGC
O16,GTCCCC
O17,GTGCGC
O18,GTGGCC
O19,TCCCGC
O20,TCCGGG
O21,TCGGGC
O22,TGCCCC
O23,TGGCCG
O24,TGGCGC
P01,GCTGGG
P02,GGACGC
P03,GGCACG
P04,GGCAGC
P05,GGCGCT
P06,GGCGGA
P07,GGGACC
P08,GGGAGG
P09,GGGCGA
P10,GGGCTC
P11,GGGGGT
P12,GGGGTG
P13,GGTCCC
P14,GGTGCG
P15,GTCGCG
P16,GTCGGC
P17,GTGGGG
P18,TCCCCG
P19,TCGCGG
P20,TCGGCG
P21,TGCGCG
P22,TGCGGC
P23,TGGGCC
P24,TGGGGG
p11_new1,ATGTTT
p11_new2,ACCACT
